key,class,expire_time_gmt,obs_id,obs_name,valid_time_gmt,day_ind,temp,wx_icon,icon_extd,wx_phrase,pressure_tend,pressure_desc,dewPt,heat_index,rh,pressure,vis,wc,wdir,wdir_cardinal,gust,wspd,max_temp,min_temp,precip_total,precip_hrly,snow_hrly,uv_desc,feels_like,uv_index,qualifier,qualifier_svrty,blunt_phrase,terse_phrase,clds,water_temp,primary_wave_period,primary_wave_height,primary_swell_period,primary_swell_height,primary_swell_direction,secondary_swell_period,secondary_swell_height,secondary_swell_direction
VNKT,observation,1682800200,VNKT,Kathmandu,1682793000,N,59,27,2700,Mostly Cloudy,,,55,59,88,25.56,4,59,150,SSE,,3,,,,,,Low,59,0,,,,,BKN,,,,,,,,,
key,class,expire_time_gmt,obs_id,obs_name,valid_time_gmt,day_ind,temp,wx_icon,icon_extd,wx_phrase,pressure_tend,pressure_desc,dewPt,heat_index,rh,pressure,vis,wc,wdir,wdir_cardinal,gust,wspd,max_temp,min_temp,precip_total,precip_hrly,snow_hrly,uv_desc,feels_like,uv_index,qualifier,qualifier_svrty,blunt_phrase,terse_phrase,clds,water_temp,primary_wave_period,primary_wave_height,primary_swell_period,primary_swell_height,primary_swell_direction,secondary_swell_period,secondary_swell_height,secondary_swell_direction
VNKT,observation,1682802000,VNKT,Kathmandu,1682794800,N,59,27,2700,Mostly Cloudy,,,55,59,88,25.56,4,59,140,SE,,3,,,,,,Low,59,0,,,,,BKN,,,,,,,,,
key,class,expire_time_gmt,obs_id,obs_name,valid_time_gmt,day_ind,temp,wx_icon,icon_extd,wx_phrase,pressure_tend,pressure_desc,dewPt,heat_index,rh,pressure,vis,wc,wdir,wdir_cardinal,gust,wspd,max_temp,min_temp,precip_total,precip_hrly,snow_hrly,uv_desc,feels_like,uv_index,qualifier,qualifier_svrty,blunt_phrase,terse_phrase,clds,water_temp,primary_wave_period,primary_wave_height,primary_swell_period,primary_swell_height,primary_swell_direction,secondary_swell_period,secondary_swell_height,secondary_swell_direction
VNKT,observation,1682803800,VNKT,Kathmandu,1682796600,N,59,27,2700,Mostly Cloudy,,,57,59,94,25.56,3,59,,VAR,,2,,,,,,Low,59,0,,,,,BKN,,,,,,,,,
key,class,expire_time_gmt,obs_id,obs_name,valid_time_gmt,day_ind,temp,wx_icon,icon_extd,wx_phrase,pressure_tend,pressure_desc,dewPt,heat_index,rh,pressure,vis,wc,wdir,wdir_cardinal,gust,wspd,max_temp,min_temp,precip_total,precip_hrly,snow_hrly,uv_desc,feels_like,uv_index,qualifier,qualifier_svrty,blunt_phrase,terse_phrase,clds,water_temp,primary_wave_period,primary_wave_height,primary_swell_period,primary_swell_height,primary_swell_direction,secondary_swell_period,secondary_swell_height,secondary_swell_direction
VNKT,observation,1682805600,VNKT,Kathmandu,1682798400,N,59,27,2700,Mostly Cloudy,,,57,59,94,25.54,3,59,,CALM,,0,,,,,,Low,59,0,,,,,BKN,,,,,,,,,
key,class,expire_time_gmt,obs_id,obs_name,valid_time_gmt,day_ind,temp,wx_icon,icon_extd,wx_phrase,pressure_tend,pressure_desc,dewPt,heat_index,rh,pressure,vis,wc,wdir,wdir_cardinal,gust,wspd,max_temp,min_temp,precip_total,precip_hrly,snow_hrly,uv_desc,feels_like,uv_index,qualifier,qualifier_svrty,blunt_phrase,terse_phrase,clds,water_temp,primary_wave_period,primary_wave_height,primary_swell_period,primary_swell_height,primary_swell_direction,secondary_swell_period,secondary_swell_height,secondary_swell_direction
VNKT,observation,1682807400,VNKT,Kathmandu,1682800200,N,59,27,2700,Mostly Cloudy,,,57,59,94,25.54,3,59,,CALM,,0,,,,,,Low,59,0,,,,,BKN,,,,,,,,,
key,class,expire_time_gmt,obs_id,obs_name,valid_time_gmt,day_ind,temp,wx_icon,icon_extd,wx_phrase,pressure_tend,pressure_desc,dewPt,heat_index,rh,pressure,vis,wc,wdir,wdir_cardinal,gust,wspd,max_temp,min_temp,precip_total,precip_hrly,snow_hrly,uv_desc,feels_like,uv_index,qualifier,qualifier_svrty,blunt_phrase,terse_phrase,clds,water_temp,primary_wave_period,primary_wave_height,primary_swell_period,primary_swell_height,primary_swell_direction,secondary_swell_period,secondary_swell_height,secondary_swell_direction
VNKT,observation,1682809200,VNKT,Kathmandu,1682802000,N,59,27,2700,Mostly Cloudy,,,57,59,94,25.54,3,59,90,E,,3,,,,,,Low,59,0,,,,,BKN,,,,,,,,,
key,class,expire_time_gmt,obs_id,obs_name,valid_time_gmt,day_ind,temp,wx_icon,icon_extd,wx_phrase,pressure_tend,pressure_desc,dewPt,heat_index,rh,pressure,vis,wc,wdir,wdir_cardinal,gust,wspd,max_temp,min_temp,precip_total,precip_hrly,snow_hrly,uv_desc,feels_like,uv_index,qualifier,qualifier_svrty,blunt_phrase,terse_phrase,clds,water_temp,primary_wave_period,primary_wave_height,primary_swell_period,primary_swell_height,primary_swell_direction,secondary_swell_period,secondary_swell_height,secondary_swell_direction
VNKT,observation,1682811000,VNKT,Kathmandu,1682803800,N,59,27,2700,Mostly Cloudy,,,57,59,94,25.51,3,59,100,E,,3,,,,,,Low,59,0,,,,,BKN,,,,,,,,,
key,class,expire_time_gmt,obs_id,obs_name,valid_time_gmt,day_ind,temp,wx_icon,icon_extd,wx_phrase,pressure_tend,pressure_desc,dewPt,heat_index,rh,pressure,vis,wc,wdir,wdir_cardinal,gust,wspd,max_temp,min_temp,precip_total,precip_hrly,snow_hrly,uv_desc,feels_like,uv_index,qualifier,qualifier_svrty,blunt_phrase,terse_phrase,clds,water_temp,primary_wave_period,primary_wave_height,primary_swell_period,primary_swell_height,primary_swell_direction,secondary_swell_period,secondary_swell_height,secondary_swell_direction
VNKT,observation,1682812800,VNKT,Kathmandu,1682805600,N,59,27,2700,Mostly Cloudy,,,55,59,88,25.51,3,59,,VAR,,2,,,,,,Low,59,0,,,,,BKN,,,,,,,,,
key,class,expire_time_gmt,obs_id,obs_name,valid_time_gmt,day_ind,temp,wx_icon,icon_extd,wx_phrase,pressure_tend,pressure_desc,dewPt,heat_index,rh,pressure,vis,wc,wdir,wdir_cardinal,gust,wspd,max_temp,min_temp,precip_total,precip_hrly,snow_hrly,uv_desc,feels_like,uv_index,qualifier,qualifier_svrty,blunt_phrase,terse_phrase,clds,water_temp,primary_wave_period,primary_wave_height,primary_swell_period,primary_swell_height,primary_swell_direction,secondary_swell_period,secondary_swell_height,secondary_swell_direction
VNKT,observation,1682816400,VNKT,Kathmandu,1682809200,N,57,27,2700,Mostly Cloudy,,,55,57,94,25.51,3,57,,VAR,,2,,,,,,Low,57,0,,,,,BKN,,,,,,,,,
key,class,expire_time_gmt,obs_id,obs_name,valid_time_gmt,day_ind,temp,wx_icon,icon_extd,wx_phrase,pressure_tend,pressure_desc,dewPt,heat_index,rh,pressure,vis,wc,wdir,wdir_cardinal,gust,wspd,max_temp,min_temp,precip_total,precip_hrly,snow_hrly,uv_desc,feels_like,uv_index,qualifier,qualifier_svrty,blunt_phrase,terse_phrase,clds,water_temp,primary_wave_period,primary_wave_height,primary_swell_period,primary_swell_height,primary_swell_direction,secondary_swell_period,secondary_swell_height,secondary_swell_direction
VNKT,observation,1682818200,VNKT,Kathmandu,1682811000,D,57,20,2000,Fog,,,55,57,94,25.51,1,57,,VAR,,2,,,,,,Low,57,0,,,,,BKN,,,,,,,,,
key,class,expire_time_gmt,obs_id,obs_name,valid_time_gmt,day_ind,temp,wx_icon,icon_extd,wx_phrase,pressure_tend,pressure_desc,dewPt,heat_index,rh,pressure,vis,wc,wdir,wdir_cardinal,gust,wspd,max_temp,min_temp,precip_total,precip_hrly,snow_hrly,uv_desc,feels_like,uv_index,qualifier,qualifier_svrty,blunt_phrase,terse_phrase,clds,water_temp,primary_wave_period,primary_wave_height,primary_swell_period,primary_swell_height,primary_swell_direction,secondary_swell_period,secondary_swell_height,secondary_swell_direction
VNKT,observation,1682820000,VNKT,Kathmandu,1682812800,D,57,20,2000,Fog,,,55,57,94,25.54,1,57,,CALM,,0,,,,,,Low,57,0,,,,,BKN,,,,,,,,,
key,class,expire_time_gmt,obs_id,obs_name,valid_time_gmt,day_ind,temp,wx_icon,icon_extd,wx_phrase,pressure_tend,pressure_desc,dewPt,heat_index,rh,pressure,vis,wc,wdir,wdir_cardinal,gust,wspd,max_temp,min_temp,precip_total,precip_hrly,snow_hrly,uv_desc,feels_like,uv_index,qualifier,qualifier_svrty,blunt_phrase,terse_phrase,clds,water_temp,primary_wave_period,primary_wave_height,primary_swell_period,primary_swell_height,primary_swell_direction,secondary_swell_period,secondary_swell_height,secondary_swell_direction
VNKT,observation,1682821800,VNKT,Kathmandu,1682814600,D,59,20,2000,Fog,,,55,59,88,25.54,1,59,,VAR,,2,,,,,,Low,59,0,,,,,BKN,,,,,,,,,
key,class,expire_time_gmt,obs_id,obs_name,valid_time_gmt,day_ind,temp,wx_icon,icon_extd,wx_phrase,pressure_tend,pressure_desc,dewPt,heat_index,rh,pressure,vis,wc,wdir,wdir_cardinal,gust,wspd,max_temp,min_temp,precip_total,precip_hrly,snow_hrly,uv_desc,feels_like,uv_index,qualifier,qualifier_svrty,blunt_phrase,terse_phrase,clds,water_temp,primary_wave_period,primary_wave_height,primary_swell_period,primary_swell_height,primary_swell_direction,secondary_swell_period,secondary_swell_height,secondary_swell_direction
VNKT,observation,1682823600,VNKT,Kathmandu,1682816400,D,59,20,2000,Fog,,,57,59,94,25.54,1,59,170,S,,3,,,,,,Low,59,0,,,,,BKN,,,,,,,,,
key,class,expire_time_gmt,obs_id,obs_name,valid_time_gmt,day_ind,temp,wx_icon,icon_extd,wx_phrase,pressure_tend,pressure_desc,dewPt,heat_index,rh,pressure,vis,wc,wdir,wdir_cardinal,gust,wspd,max_temp,min_temp,precip_total,precip_hrly,snow_hrly,uv_desc,feels_like,uv_index,qualifier,qualifier_svrty,blunt_phrase,terse_phrase,clds,water_temp,primary_wave_period,primary_wave_height,primary_swell_period,primary_swell_height,primary_swell_direction,secondary_swell_period,secondary_swell_height,secondary_swell_direction
VNKT,observation,1682825400,VNKT,Kathmandu,1682818200,D,61,20,2000,Fog,,,57,61,88,25.56,1,61,,VAR,,2,,,,,,Low,61,1,,,,,BKN,,,,,,,,,
key,class,expire_time_gmt,obs_id,obs_name,valid_time_gmt,day_ind,temp,wx_icon,icon_extd,wx_phrase,pressure_tend,pressure_desc,dewPt,heat_index,rh,pressure,vis,wc,wdir,wdir_cardinal,gust,wspd,max_temp,min_temp,precip_total,precip_hrly,snow_hrly,uv_desc,feels_like,uv_index,qualifier,qualifier_svrty,blunt_phrase,terse_phrase,clds,water_temp,primary_wave_period,primary_wave_height,primary_swell_period,primary_swell_height,primary_swell_direction,secondary_swell_period,secondary_swell_height,secondary_swell_direction
VNKT,observation,1682827200,VNKT,Kathmandu,1682820000,D,61,20,2000,Fog,,,57,61,88,25.56,2,61,,VAR,,2,,,,,,Low,61,1,,,,,BKN,,,,,,,,,
key,class,expire_time_gmt,obs_id,obs_name,valid_time_gmt,day_ind,temp,wx_icon,icon_extd,wx_phrase,pressure_tend,pressure_desc,dewPt,heat_index,rh,pressure,vis,wc,wdir,wdir_cardinal,gust,wspd,max_temp,min_temp,precip_total,precip_hrly,snow_hrly,uv_desc,feels_like,uv_index,qualifier,qualifier_svrty,blunt_phrase,terse_phrase,clds,water_temp,primary_wave_period,primary_wave_height,primary_swell_period,primary_swell_height,primary_swell_direction,secondary_swell_period,secondary_swell_height,secondary_swell_direction
VNKT,observation,1682829000,VNKT,Kathmandu,1682821800,D,63,20,2000,Fog,,,57,63,82,25.56,2,63,,VAR,,2,,,,,,Low,63,2,,,,,BKN,,,,,,,,,
key,class,expire_time_gmt,obs_id,obs_name,valid_time_gmt,day_ind,temp,wx_icon,icon_extd,wx_phrase,pressure_tend,pressure_desc,dewPt,heat_index,rh,pressure,vis,wc,wdir,wdir_cardinal,gust,wspd,max_temp,min_temp,precip_total,precip_hrly,snow_hrly,uv_desc,feels_like,uv_index,qualifier,qualifier_svrty,blunt_phrase,terse_phrase,clds,water_temp,primary_wave_period,primary_wave_height,primary_swell_period,primary_swell_height,primary_swell_direction,secondary_swell_period,secondary_swell_height,secondary_swell_direction
VNKT,observation,1682830800,VNKT,Kathmandu,1682823600,D,63,20,2000,Fog,,,55,63,77,25.56,2,63,,CALM,,0,,,,,,Moderate,63,3,,,,,BKN,,,,,,,,,
key,class,expire_time_gmt,obs_id,obs_name,valid_time_gmt,day_ind,temp,wx_icon,icon_extd,wx_phrase,pressure_tend,pressure_desc,dewPt,heat_index,rh,pressure,vis,wc,wdir,wdir_cardinal,gust,wspd,max_temp,min_temp,precip_total,precip_hrly,snow_hrly,uv_desc,feels_like,uv_index,qualifier,qualifier_svrty,blunt_phrase,terse_phrase,clds,water_temp,primary_wave_period,primary_wave_height,primary_swell_period,primary_swell_height,primary_swell_direction,secondary_swell_period,secondary_swell_height,secondary_swell_direction
VNKT,observation,1682832600,VNKT,Kathmandu,1682825400,D,64,20,2000,Fog,,,57,64,77,25.56,2,64,,VAR,,2,,,,,,Moderate,64,3,,,,,BKN,,,,,,,,,
key,class,expire_time_gmt,obs_id,obs_name,valid_time_gmt,day_ind,temp,wx_icon,icon_extd,wx_phrase,pressure_tend,pressure_desc,dewPt,heat_index,rh,pressure,vis,wc,wdir,wdir_cardinal,gust,wspd,max_temp,min_temp,precip_total,precip_hrly,snow_hrly,uv_desc,feels_like,uv_index,qualifier,qualifier_svrty,blunt_phrase,terse_phrase,clds,water_temp,primary_wave_period,primary_wave_height,primary_swell_period,primary_swell_height,primary_swell_direction,secondary_swell_period,secondary_swell_height,secondary_swell_direction
VNKT,observation,1682834400,VNKT,Kathmandu,1682827200,D,64,28,2800,Mostly Cloudy,,,57,64,77,25.56,3,64,130,SE,,3,,,,,,Moderate,64,4,,,,,BKN,,,,,,,,,
key,class,expire_time_gmt,obs_id,obs_name,valid_time_gmt,day_ind,temp,wx_icon,icon_extd,wx_phrase,pressure_tend,pressure_desc,dewPt,heat_index,rh,pressure,vis,wc,wdir,wdir_cardinal,gust,wspd,max_temp,min_temp,precip_total,precip_hrly,snow_hrly,uv_desc,feels_like,uv_index,qualifier,qualifier_svrty,blunt_phrase,terse_phrase,clds,water_temp,primary_wave_period,primary_wave_height,primary_swell_period,primary_swell_height,primary_swell_direction,secondary_swell_period,secondary_swell_height,secondary_swell_direction
VNKT,observation,1682836200,VNKT,Kathmandu,1682829000,D,66,28,2800,Mostly Cloudy,,,57,66,73,25.56,3,66,,VAR,,2,,,,,,Moderate,66,5,,,,,BKN,,,,,,,,,
key,class,expire_time_gmt,obs_id,obs_name,valid_time_gmt,day_ind,temp,wx_icon,icon_extd,wx_phrase,pressure_tend,pressure_desc,dewPt,heat_index,rh,pressure,vis,wc,wdir,wdir_cardinal,gust,wspd,max_temp,min_temp,precip_total,precip_hrly,snow_hrly,uv_desc,feels_like,uv_index,qualifier,qualifier_svrty,blunt_phrase,terse_phrase,clds,water_temp,primary_wave_period,primary_wave_height,primary_swell_period,primary_swell_height,primary_swell_direction,secondary_swell_period,secondary_swell_height,secondary_swell_direction
VNKT,observation,1682838000,VNKT,Kathmandu,1682830800,D,70,21,2100,Haze,,,57,70,64,25.56,3,70,,VAR,,2,,,,,,High,70,6,,,,,BKN,,,,,,,,,
key,class,expire_time_gmt,obs_id,obs_name,valid_time_gmt,day_ind,temp,wx_icon,icon_extd,wx_phrase,pressure_tend,pressure_desc,dewPt,heat_index,rh,pressure,vis,wc,wdir,wdir_cardinal,gust,wspd,max_temp,min_temp,precip_total,precip_hrly,snow_hrly,uv_desc,feels_like,uv_index,qualifier,qualifier_svrty,blunt_phrase,terse_phrase,clds,water_temp,primary_wave_period,primary_wave_height,primary_swell_period,primary_swell_height,primary_swell_direction,secondary_swell_period,secondary_swell_height,secondary_swell_direction
VNKT,observation,1682839800,VNKT,Kathmandu,1682832600,D,68,28,2800,Mostly Cloudy,,,57,68,68,25.54,3,68,90,E,,3,,,,,,High,68,6,,,,,BKN,,,,,,,,,
key,class,expire_time_gmt,obs_id,obs_name,valid_time_gmt,day_ind,temp,wx_icon,icon_extd,wx_phrase,pressure_tend,pressure_desc,dewPt,heat_index,rh,pressure,vis,wc,wdir,wdir_cardinal,gust,wspd,max_temp,min_temp,precip_total,precip_hrly,snow_hrly,uv_desc,feels_like,uv_index,qualifier,qualifier_svrty,blunt_phrase,terse_phrase,clds,water_temp,primary_wave_period,primary_wave_height,primary_swell_period,primary_swell_height,primary_swell_direction,secondary_swell_period,secondary_swell_height,secondary_swell_direction
VNKT,observation,1682841600,VNKT,Kathmandu,1682834400,D,66,21,2100,Haze,,,55,66,68,25.54,3,66,,CALM,,0,,,,,,High,66,7,,,,,BKN,,,,,,,,,
key,class,expire_time_gmt,obs_id,obs_name,valid_time_gmt,day_ind,temp,wx_icon,icon_extd,wx_phrase,pressure_tend,pressure_desc,dewPt,heat_index,rh,pressure,vis,wc,wdir,wdir_cardinal,gust,wspd,max_temp,min_temp,precip_total,precip_hrly,snow_hrly,uv_desc,feels_like,uv_index,qualifier,qualifier_svrty,blunt_phrase,terse_phrase,clds,water_temp,primary_wave_period,primary_wave_height,primary_swell_period,primary_swell_height,primary_swell_direction,secondary_swell_period,secondary_swell_height,secondary_swell_direction
VNKT,observation,1682843400,VNKT,Kathmandu,1682836200,D,66,4,401,Light Rain with Thunder,,,57,66,73,25.56,2,66,260,W,,5,,,,,,High,66,7,,,,,BKN,,,,,,,,,
key,class,expire_time_gmt,obs_id,obs_name,valid_time_gmt,day_ind,temp,wx_icon,icon_extd,wx_phrase,pressure_tend,pressure_desc,dewPt,heat_index,rh,pressure,vis,wc,wdir,wdir_cardinal,gust,wspd,max_temp,min_temp,precip_total,precip_hrly,snow_hrly,uv_desc,feels_like,uv_index,qualifier,qualifier_svrty,blunt_phrase,terse_phrase,clds,water_temp,primary_wave_period,primary_wave_height,primary_swell_period,primary_swell_height,primary_swell_direction,secondary_swell_period,secondary_swell_height,secondary_swell_direction
VNKT,observation,1682845200,VNKT,Kathmandu,1682838000,D,63,4,400,T-Storm,,,57,63,82,25.56,1,63,290,WNW,,13,,,,,,Moderate,63,4,,,,,OVC,,,,,,,,,
key,class,expire_time_gmt,obs_id,obs_name,valid_time_gmt,day_ind,temp,wx_icon,icon_extd,wx_phrase,pressure_tend,pressure_desc,dewPt,heat_index,rh,pressure,vis,wc,wdir,wdir_cardinal,gust,wspd,max_temp,min_temp,precip_total,precip_hrly,snow_hrly,uv_desc,feels_like,uv_index,qualifier,qualifier_svrty,blunt_phrase,terse_phrase,clds,water_temp,primary_wave_period,primary_wave_height,primary_swell_period,primary_swell_height,primary_swell_direction,secondary_swell_period,secondary_swell_height,secondary_swell_direction
VNKT,observation,1682847000,VNKT,Kathmandu,1682839800,D,63,4,400,T-Storm,,,57,63,82,25.56,2,63,270,W,,6,,,,,,Moderate,63,4,,,,,OVC,,,,,,,,,
key,class,expire_time_gmt,obs_id,obs_name,valid_time_gmt,day_ind,temp,wx_icon,icon_extd,wx_phrase,pressure_tend,pressure_desc,dewPt,heat_index,rh,pressure,vis,wc,wdir,wdir_cardinal,gust,wspd,max_temp,min_temp,precip_total,precip_hrly,snow_hrly,uv_desc,feels_like,uv_index,qualifier,qualifier_svrty,blunt_phrase,terse_phrase,clds,water_temp,primary_wave_period,primary_wave_height,primary_swell_period,primary_swell_height,primary_swell_direction,secondary_swell_period,secondary_swell_height,secondary_swell_direction
VNKT,observation,1682848800,VNKT,Kathmandu,1682841600,D,61,4,400,T-Storm,,,57,61,88,25.56,1,61,280,W,,5,,,,,,Moderate,61,4,,,,,OVC,,,,,,,,,
key,class,expire_time_gmt,obs_id,obs_name,valid_time_gmt,day_ind,temp,wx_icon,icon_extd,wx_phrase,pressure_tend,pressure_desc,dewPt,heat_index,rh,pressure,vis,wc,wdir,wdir_cardinal,gust,wspd,max_temp,min_temp,precip_total,precip_hrly,snow_hrly,uv_desc,feels_like,uv_index,qualifier,qualifier_svrty,blunt_phrase,terse_phrase,clds,water_temp,primary_wave_period,primary_wave_height,primary_swell_period,primary_swell_height,primary_swell_direction,secondary_swell_period,secondary_swell_height,secondary_swell_direction
VNKT,observation,1682850600,VNKT,Kathmandu,1682843400,D,61,4,401,Light Rain with Thunder,,,59,61,94,25.54,2,61,,CALM,,0,,,,,,Moderate,61,3,,,,,OVC,,,,,,,,,
key,class,expire_time_gmt,obs_id,obs_name,valid_time_gmt,day_ind,temp,wx_icon,icon_extd,wx_phrase,pressure_tend,pressure_desc,dewPt,heat_index,rh,pressure,vis,wc,wdir,wdir_cardinal,gust,wspd,max_temp,min_temp,precip_total,precip_hrly,snow_hrly,uv_desc,feels_like,uv_index,qualifier,qualifier_svrty,blunt_phrase,terse_phrase,clds,water_temp,primary_wave_period,primary_wave_height,primary_swell_period,primary_swell_height,primary_swell_direction,secondary_swell_period,secondary_swell_height,secondary_swell_direction
VNKT,observation,1682852400,VNKT,Kathmandu,1682845200,D,63,11,1201,Light Rain,,,59,63,88,25.54,2,63,350,N,,3,,,,,,Low,63,2,,,,,OVC,,,,,,,,,
key,class,expire_time_gmt,obs_id,obs_name,valid_time_gmt,day_ind,temp,wx_icon,icon_extd,wx_phrase,pressure_tend,pressure_desc,dewPt,heat_index,rh,pressure,vis,wc,wdir,wdir_cardinal,gust,wspd,max_temp,min_temp,precip_total,precip_hrly,snow_hrly,uv_desc,feels_like,uv_index,qualifier,qualifier_svrty,blunt_phrase,terse_phrase,clds,water_temp,primary_wave_period,primary_wave_height,primary_swell_period,primary_swell_height,primary_swell_direction,secondary_swell_period,secondary_swell_height,secondary_swell_direction
VNKT,observation,1682854200,VNKT,Kathmandu,1682847000,D,63,20,2000,Fog,,,59,63,88,25.51,2,63,,CALM,,0,,,,,,Low,63,2,,,,,OVC,,,,,,,,,
key,class,expire_time_gmt,obs_id,obs_name,valid_time_gmt,day_ind,temp,wx_icon,icon_extd,wx_phrase,pressure_tend,pressure_desc,dewPt,heat_index,rh,pressure,vis,wc,wdir,wdir_cardinal,gust,wspd,max_temp,min_temp,precip_total,precip_hrly,snow_hrly,uv_desc,feels_like,uv_index,qualifier,qualifier_svrty,blunt_phrase,terse_phrase,clds,water_temp,primary_wave_period,primary_wave_height,primary_swell_period,primary_swell_height,primary_swell_direction,secondary_swell_period,secondary_swell_height,secondary_swell_direction
VNKT,observation,1682856000,VNKT,Kathmandu,1682848800,D,63,20,2000,Fog,,,59,63,88,25.51,1,63,,VAR,,2,,,,,,Low,63,2,,,,,BKN,,,,,,,,,
key,class,expire_time_gmt,obs_id,obs_name,valid_time_gmt,day_ind,temp,wx_icon,icon_extd,wx_phrase,pressure_tend,pressure_desc,dewPt,heat_index,rh,pressure,vis,wc,wdir,wdir_cardinal,gust,wspd,max_temp,min_temp,precip_total,precip_hrly,snow_hrly,uv_desc,feels_like,uv_index,qualifier,qualifier_svrty,blunt_phrase,terse_phrase,clds,water_temp,primary_wave_period,primary_wave_height,primary_swell_period,primary_swell_height,primary_swell_direction,secondary_swell_period,secondary_swell_height,secondary_swell_direction
VNKT,observation,1682857800,VNKT,Kathmandu,1682850600,D,63,20,2000,Fog,,,59,63,88,25.51,1,63,130,SE,,3,,,,,,Low,63,1,,,,,OVC,,,,,,,,,
key,class,expire_time_gmt,obs_id,obs_name,valid_time_gmt,day_ind,temp,wx_icon,icon_extd,wx_phrase,pressure_tend,pressure_desc,dewPt,heat_index,rh,pressure,vis,wc,wdir,wdir_cardinal,gust,wspd,max_temp,min_temp,precip_total,precip_hrly,snow_hrly,uv_desc,feels_like,uv_index,qualifier,qualifier_svrty,blunt_phrase,terse_phrase,clds,water_temp,primary_wave_period,primary_wave_height,primary_swell_period,primary_swell_height,primary_swell_direction,secondary_swell_period,secondary_swell_height,secondary_swell_direction
VNKT,observation,1682859600,VNKT,Kathmandu,1682852400,D,63,20,2000,Fog,,,59,63,88,25.49,1,63,100,E,,3,,,,,,Low,63,0,,,,,OVC,,,,,,,,,
key,class,expire_time_gmt,obs_id,obs_name,valid_time_gmt,day_ind,temp,wx_icon,icon_extd,wx_phrase,pressure_tend,pressure_desc,dewPt,heat_index,rh,pressure,vis,wc,wdir,wdir_cardinal,gust,wspd,max_temp,min_temp,precip_total,precip_hrly,snow_hrly,uv_desc,feels_like,uv_index,qualifier,qualifier_svrty,blunt_phrase,terse_phrase,clds,water_temp,primary_wave_period,primary_wave_height,primary_swell_period,primary_swell_height,primary_swell_direction,secondary_swell_period,secondary_swell_height,secondary_swell_direction
VNKT,observation,1682861400,VNKT,Kathmandu,1682854200,D,64,20,2000,Fog,,,59,64,83,25.49,1,64,,VAR,,2,,,,,,Low,64,0,,,,,BKN,,,,,,,,,
key,class,expire_time_gmt,obs_id,obs_name,valid_time_gmt,day_ind,temp,wx_icon,icon_extd,wx_phrase,pressure_tend,pressure_desc,dewPt,heat_index,rh,pressure,vis,wc,wdir,wdir_cardinal,gust,wspd,max_temp,min_temp,precip_total,precip_hrly,snow_hrly,uv_desc,feels_like,uv_index,qualifier,qualifier_svrty,blunt_phrase,terse_phrase,clds,water_temp,primary_wave_period,primary_wave_height,primary_swell_period,primary_swell_height,primary_swell_direction,secondary_swell_period,secondary_swell_height,secondary_swell_direction
VNKT,observation,1682863200,VNKT,Kathmandu,1682856000,D,64,20,2000,Fog,,,59,64,83,25.49,2,64,,VAR,,2,,,,,,Low,64,0,,,,,BKN,,,,,,,,,
key,class,expire_time_gmt,obs_id,obs_name,valid_time_gmt,day_ind,temp,wx_icon,icon_extd,wx_phrase,pressure_tend,pressure_desc,dewPt,heat_index,rh,pressure,vis,wc,wdir,wdir_cardinal,gust,wspd,max_temp,min_temp,precip_total,precip_hrly,snow_hrly,uv_desc,feels_like,uv_index,qualifier,qualifier_svrty,blunt_phrase,terse_phrase,clds,water_temp,primary_wave_period,primary_wave_height,primary_swell_period,primary_swell_height,primary_swell_direction,secondary_swell_period,secondary_swell_height,secondary_swell_direction
VNKT,observation,1682865000,VNKT,Kathmandu,1682857800,D,64,20,2000,Fog,,,59,64,83,25.49,2,64,,CALM,,0,,,,,,Low,64,0,,,,,BKN,,,,,,,,,
key,class,expire_time_gmt,obs_id,obs_name,valid_time_gmt,day_ind,temp,wx_icon,icon_extd,wx_phrase,pressure_tend,pressure_desc,dewPt,heat_index,rh,pressure,vis,wc,wdir,wdir_cardinal,gust,wspd,max_temp,min_temp,precip_total,precip_hrly,snow_hrly,uv_desc,feels_like,uv_index,qualifier,qualifier_svrty,blunt_phrase,terse_phrase,clds,water_temp,primary_wave_period,primary_wave_height,primary_swell_period,primary_swell_height,primary_swell_direction,secondary_swell_period,secondary_swell_height,secondary_swell_direction
VNKT,observation,1682866800,VNKT,Kathmandu,1682859600,N,63,20,2000,Fog,,,59,63,88,25.51,2,63,,VAR,,2,,,,,,Low,63,0,,,,,BKN,,,,,,,,,
key,class,expire_time_gmt,obs_id,obs_name,valid_time_gmt,day_ind,temp,wx_icon,icon_extd,wx_phrase,pressure_tend,pressure_desc,dewPt,heat_index,rh,pressure,vis,wc,wdir,wdir_cardinal,gust,wspd,max_temp,min_temp,precip_total,precip_hrly,snow_hrly,uv_desc,feels_like,uv_index,qualifier,qualifier_svrty,blunt_phrase,terse_phrase,clds,water_temp,primary_wave_period,primary_wave_height,primary_swell_period,primary_swell_height,primary_swell_direction,secondary_swell_period,secondary_swell_height,secondary_swell_direction
VNKT,observation,1682868600,VNKT,Kathmandu,1682861400,N,63,20,2000,Fog,,,59,63,88,25.51,2,63,70,ENE,,3,,,,,,Low,63,0,,,,,BKN,,,,,,,,,
key,class,expire_time_gmt,obs_id,obs_name,valid_time_gmt,day_ind,temp,wx_icon,icon_extd,wx_phrase,pressure_tend,pressure_desc,dewPt,heat_index,rh,pressure,vis,wc,wdir,wdir_cardinal,gust,wspd,max_temp,min_temp,precip_total,precip_hrly,snow_hrly,uv_desc,feels_like,uv_index,qualifier,qualifier_svrty,blunt_phrase,terse_phrase,clds,water_temp,primary_wave_period,primary_wave_height,primary_swell_period,primary_swell_height,primary_swell_direction,secondary_swell_period,secondary_swell_height,secondary_swell_direction
VNKT,observation,1682870400,VNKT,Kathmandu,1682863200,N,63,20,2000,Fog,,,59,63,88,25.51,2,63,,VAR,,2,,,,,,Low,63,0,,,,,BKN,,,,,,,,,
key,class,expire_time_gmt,obs_id,obs_name,valid_time_gmt,day_ind,temp,wx_icon,icon_extd,wx_phrase,pressure_tend,pressure_desc,dewPt,heat_index,rh,pressure,vis,wc,wdir,wdir_cardinal,gust,wspd,max_temp,min_temp,precip_total,precip_hrly,snow_hrly,uv_desc,feels_like,uv_index,qualifier,qualifier_svrty,blunt_phrase,terse_phrase,clds,water_temp,primary_wave_period,primary_wave_height,primary_swell_period,primary_swell_height,primary_swell_direction,secondary_swell_period,secondary_swell_height,secondary_swell_direction
VNKT,observation,1682872200,VNKT,Kathmandu,1682865000,N,63,9,900,Drizzle,,,59,63,88,25.51,2,63,,VAR,,2,,,,,,Low,63,0,,,,,BKN,,,,,,,,,
key,class,expire_time_gmt,obs_id,obs_name,valid_time_gmt,day_ind,temp,wx_icon,icon_extd,wx_phrase,pressure_tend,pressure_desc,dewPt,heat_index,rh,pressure,vis,wc,wdir,wdir_cardinal,gust,wspd,max_temp,min_temp,precip_total,precip_hrly,snow_hrly,uv_desc,feels_like,uv_index,qualifier,qualifier_svrty,blunt_phrase,terse_phrase,clds,water_temp,primary_wave_period,primary_wave_height,primary_swell_period,primary_swell_height,primary_swell_direction,secondary_swell_period,secondary_swell_height,secondary_swell_direction
VNKT,observation,1682874000,VNKT,Kathmandu,1682866800,N,63,20,2000,Fog,,,59,63,88,25.54,2,63,,VAR,,2,,,,,,Low,63,0,,,,,BKN,,,,,,,,,
key,class,expire_time_gmt,obs_id,obs_name,valid_time_gmt,day_ind,temp,wx_icon,icon_extd,wx_phrase,pressure_tend,pressure_desc,dewPt,heat_index,rh,pressure,vis,wc,wdir,wdir_cardinal,gust,wspd,max_temp,min_temp,precip_total,precip_hrly,snow_hrly,uv_desc,feels_like,uv_index,qualifier,qualifier_svrty,blunt_phrase,terse_phrase,clds,water_temp,primary_wave_period,primary_wave_height,primary_swell_period,primary_swell_height,primary_swell_direction,secondary_swell_period,secondary_swell_height,secondary_swell_direction
VNKT,observation,1682875800,VNKT,Kathmandu,1682868600,N,63,20,2000,Fog,,,59,63,88,25.54,2,63,180,S,,5,,,,,,Low,63,0,,,,,BKN,,,,,,,,,
key,class,expire_time_gmt,obs_id,obs_name,valid_time_gmt,day_ind,temp,wx_icon,icon_extd,wx_phrase,pressure_tend,pressure_desc,dewPt,heat_index,rh,pressure,vis,wc,wdir,wdir_cardinal,gust,wspd,max_temp,min_temp,precip_total,precip_hrly,snow_hrly,uv_desc,feels_like,uv_index,qualifier,qualifier_svrty,blunt_phrase,terse_phrase,clds,water_temp,primary_wave_period,primary_wave_height,primary_swell_period,primary_swell_height,primary_swell_direction,secondary_swell_period,secondary_swell_height,secondary_swell_direction
VNKT,observation,1682877600,VNKT,Kathmandu,1682870400,N,63,20,2000,Fog,,,57,63,82,25.54,2,63,,VAR,,2,,,,,,Low,63,0,,,,,BKN,,,,,,,,,
key,class,expire_time_gmt,obs_id,obs_name,valid_time_gmt,day_ind,temp,wx_icon,icon_extd,wx_phrase,pressure_tend,pressure_desc,dewPt,heat_index,rh,pressure,vis,wc,wdir,wdir_cardinal,gust,wspd,max_temp,min_temp,precip_total,precip_hrly,snow_hrly,uv_desc,feels_like,uv_index,qualifier,qualifier_svrty,blunt_phrase,terse_phrase,clds,water_temp,primary_wave_period,primary_wave_height,primary_swell_period,primary_swell_height,primary_swell_direction,secondary_swell_period,secondary_swell_height,secondary_swell_direction
VNKT,observation,1682879400,VNKT,Kathmandu,1682872200,N,61,20,2000,Fog,,,57,61,88,25.54,2,61,,VAR,,2,,,,,,Low,61,0,,,,,BKN,,,,,,,,,
key,class,expire_time_gmt,obs_id,obs_name,valid_time_gmt,day_ind,temp,wx_icon,icon_extd,wx_phrase,pressure_tend,pressure_desc,dewPt,heat_index,rh,pressure,vis,wc,wdir,wdir_cardinal,gust,wspd,max_temp,min_temp,precip_total,precip_hrly,snow_hrly,uv_desc,feels_like,uv_index,qualifier,qualifier_svrty,blunt_phrase,terse_phrase,clds,water_temp,primary_wave_period,primary_wave_height,primary_swell_period,primary_swell_height,primary_swell_direction,secondary_swell_period,secondary_swell_height,secondary_swell_direction
VNKT,observation,1682881200,VNKT,Kathmandu,1682874000,N,61,20,2000,Fog,,,57,61,88,25.54,2,61,,VAR,,2,,,,,,Low,61,0,,,,,BKN,,,,,,,,,
key,class,expire_time_gmt,obs_id,obs_name,valid_time_gmt,day_ind,temp,wx_icon,icon_extd,wx_phrase,pressure_tend,pressure_desc,dewPt,heat_index,rh,pressure,vis,wc,wdir,wdir_cardinal,gust,wspd,max_temp,min_temp,precip_total,precip_hrly,snow_hrly,uv_desc,feels_like,uv_index,qualifier,qualifier_svrty,blunt_phrase,terse_phrase,clds,water_temp,primary_wave_period,primary_wave_height,primary_swell_period,primary_swell_height,primary_swell_direction,secondary_swell_period,secondary_swell_height,secondary_swell_direction
VNKT,observation,1682883000,VNKT,Kathmandu,1682875800,N,61,20,2000,Fog,,,57,61,88,25.54,2,61,,VAR,,2,,,,,,Low,61,0,,,,,BKN,,,,,,,,,
key,class,expire_time_gmt,obs_id,obs_name,valid_time_gmt,day_ind,temp,wx_icon,icon_extd,wx_phrase,pressure_tend,pressure_desc,dewPt,heat_index,rh,pressure,vis,wc,wdir,wdir_cardinal,gust,wspd,max_temp,min_temp,precip_total,precip_hrly,snow_hrly,uv_desc,feels_like,uv_index,qualifier,qualifier_svrty,blunt_phrase,terse_phrase,clds,water_temp,primary_wave_period,primary_wave_height,primary_swell_period,primary_swell_height,primary_swell_direction,secondary_swell_period,secondary_swell_height,secondary_swell_direction
VNKT,observation,1682884800,VNKT,Kathmandu,1682877600,N,61,9,900,Drizzle,,,57,61,88,25.54,3,61,160,SSE,,5,,,,,,Low,61,0,,,,,BKN,,,,,,,,,
